{"images":[{"name":"img_0.jpg","w":640,"h":1055,"prefix":["-i"],"postfix":[]},{"name":"img_1.jpg","w":640,"h":1055,"prefix":["-i"],"postfix":[]},{"name":"img_2.jpg","w":640,"h":1055,"prefix":["-i"],"postfix":[]},{"name":"img_3.jpg","w":640,"h":1055,"prefix":["-i"],"postfix":[]}],"static_inputs":[{"name":"background_video.mp4","prefix":["-i"],"postfix":[]},{"name":"first.jpg","prefix":["-loop","1","-t","26","-i"],"postfix":[]}],"video":{"w":720,"h":1280,"duration":26},"e":[],"m":["-{pythoncomplex}"],"r":["[4]split=2[color][alpha];[color]crop=iw\/2:ih:0:0[color];[alpha]crop=iw\/2:ih:iw\/2:0[alpha];[color][alpha]{pythonmerge}[ovrly];[0]scale=640:1055,setsar=1[0_scalled];[1]scale=640:1055,setsar=1[1_scalled];[2]scale=640:1055,setsar=1[2_scalled];[3]scale=640:1055,setsar=1[3_scalled];[0_scalled]scale=iw*6:ih*6,{pythonz}pan=z='if(lte(on, 25*3.53), if(lte(on, 25*0), 1, {pythonz}+0.0020), {pythonz}-0.0015)':x='iw\/2-(iw\/{pythonz})\/2':y='ih\/2-(ih\/{pythonz})\/2':d=25*26:s=640x1055[video1];[1_scalled]scale=iw*6:ih*6,{pythonz}pan=z='if(lte(on, 25*10.40), if(lte(on, 25*7.06), 1, {pythonz}+0.0020), {pythonz}-0.0015)':x='iw\/2-(iw\/{pythonz})\/2':y='ih\/2-(ih\/{pythonz})\/2':d=25*26:s=640x1055[video2];[2_scalled]scale=iw*6:ih*6,{pythonz}pan=z='if(lte(on, 25*16.895), if(lte(on, 25*13.74), 1, {pythonz}+0.0020), {pythonz}-0.0015)':x='iw\/2-(iw\/{pythonz})\/2':y='ih\/2-(ih\/{pythonz})\/2':d=25*26:s=640x1055[video3];[3_scalled]scale=iw*6:ih*6,{pythonz}pan=z='if(lte(on, 25*23.025), if(lte(on, 25*20.05), 1, {pythonz}+0.0020), {pythonz}-0.0015)':x='iw\/2-(iw\/{pythonz})\/2':y='ih\/2-(ih\/{pythonz})\/2':d=25*26:s=640x1055[video4];[5:v][video1]{pythono}=enable='between(t,0,7.06)':x=40:y=110[v0];[v0][video2]{pythono}=enable='between(t,7.06,13.74)':x=40:y=110[v1];[v1][video3]{pythono}=enable='between(t,13.74,20.05)':x=40:y=110[v2];[v2][video4]{pythono}=enable='between(t,20.05,26)':x=40:y=110[v3];[v3][ovrly]{pythono}=0:0[base_video];[base_video][6]{pythono}=enable='between(t,0,13)':x=30:y=30[watermarked_part1];[watermarked_part1][6]{pythono}=enable='between(t,13,26)':x=(main_w-{pythono}_w-30):y=(main_h-{pythono}_h-30)"],"i":["[4]split=2[color][alpha];[color]crop=iw\/2:ih:0:0[color];[alpha]crop=iw\/2:ih:iw\/2:0[alpha];[color][alpha]{pythonmerge}[ovrly];[0]scale=640:1055,setsar=1[0_scalled];[1]scale=640:1055,setsar=1[1_scalled];[2]scale=640:1055,setsar=1[2_scalled];[3]scale=640:1055,setsar=1[3_scalled];[0_scalled]scale=iw*6:ih*6,{pythonz}pan=z='if(lte(on, 25*3.53), if(lte(on, 25*0), 1, {pythonz}+0.0020), {pythonz}-0.0015)':x='iw\/2-(iw\/{pythonz})\/2':y='ih\/2-(ih\/{pythonz})\/2':d=25*26:s=640x1055[video1];[1_scalled]scale=iw*6:ih*6,{pythonz}pan=z='if(lte(on, 25*10.40), if(lte(on, 25*7.06), 1, {pythonz}+0.0020), {pythonz}-0.0015)':x='iw\/2-(iw\/{pythonz})\/2':y='ih\/2-(ih\/{pythonz})\/2':d=25*26:s=640x1055[video2];[2_scalled]scale=iw*6:ih*6,{pythonz}pan=z='if(lte(on, 25*16.895), if(lte(on, 25*13.74), 1, {pythonz}+0.0020), {pythonz}-0.0015)':x='iw\/2-(iw\/{pythonz})\/2':y='ih\/2-(ih\/{pythonz})\/2':d=25*26:s=640x1055[video3];[3_scalled]scale=iw*6:ih*6,{pythonz}pan=z='if(lte(on, 25*23.025), if(lte(on, 25*20.05), 1, {pythonz}+0.0020), {pythonz}-0.0015)':x='iw\/2-(iw\/{pythonz})\/2':y='ih\/2-(ih\/{pythonz})\/2':d=25*26:s=640x1055[video4];[5:v][video1]{pythono}=enable='between(t,0,7.06)':x=40:y=110[v0];[v0][video2]{pythono}=enable='between(t,7.06,13.74)':x=40:y=110[v1];[v1][video3]{pythono}=enable='between(t,13.74,20.05)':x=40:y=110[v2];[v2][video4]{pythono}=enable='between(t,20.05,26)':x=40:y=110[v3];[v3][ovrly]{pythono}=0:0[base_video];[base_video][6]{pythono}=enable='between(t,0,13)':x=30:y=30[watermarked_part1];[watermarked_part1][6]{pythono}=enable='between(t,13,26)':x=(main_w-{pythono}_w-30):y=(main_h-{pythono}_h-30)[final_video]"],"n":[],"g":[],"c":[],"o":["-map","[final_video]","-map","7:a"],"d":["-t","26","-strict","-2"],"s":[],"layers":[{"ao":0,"bm":1,"ddd":0,"ind":1,"ip":0,"ks":{"a":{"a":0,"ix":1,"k":[270,480,0]},"o":{"a":0,"ix":11,"k":18.039},"p":{"a":0,"ix":2,"k":[270,480,0]},"r":{"a":0,"ix":10,"k":0},"s":{"a":0,"ix":6,"k":[100,100,100]}},"nm":"all","op":327,"refId":"image_0","sr":1,"st":0,"ty":2},{"ao":0,"bm":3,"ddd":0,"ind":2,"ip":76,"ks":{"a":{"a":0,"ix":1,"k":[270,480,0]},"o":{"a":0,"ix":11,"k":40},"p":{"a":0,"ix":2,"k":[270,480,0]},"r":{"a":0,"ix":10,"k":0},"s":{"a":0,"ix":6,"k":[100,100,100]}},"nm":"lvjing  all 3","op":327,"refId":"image_1","sr":1,"st":-8,"ty":2},{"ao":0,"bm":13,"ddd":0,"ind":3,"ip":76,"ks":{"a":{"a":0,"ix":1,"k":[270,480,0]},"o":{"a":0,"ix":11,"k":50.196},"p":{"a":0,"ix":2,"k":[270,480,0]},"r":{"a":0,"ix":10,"k":0},"s":{"a":0,"ix":6,"k":[100,100,100]}},"nm":"baohedu all 3","op":327,"refId":"image_2","sr":1,"st":-8,"ty":2}],"mu":["[4]split=2[color][alpha];[color]crop=iw\/2:ih:0:0[color];[alpha]crop=iw\/2:ih:iw\/2:0[alpha];[color][alpha]{pythonmerge}[ovrly];[0]scale=640:1055,setsar=1[0_scalled];[1]scale=640:1055,setsar=1[1_scalled];[2]scale=640:1055,setsar=1[2_scalled];[3]scale=640:1055,setsar=1[3_scalled];[0_scalled]scale=iw*6:ih*6,{pythonz}pan=z='if(lte(on, 25*3.53), if(lte(on, 25*0), 1, {pythonz}+0.0020), {pythonz}-0.0015)':x='iw\/2-(iw\/{pythonz})\/2':y='ih\/2-(ih\/{pythonz})\/2':d=25*26:s=640x1055[video1];[1_scalled]scale=iw*6:ih*6,{pythonz}pan=z='if(lte(on, 25*10.40), if(lte(on, 25*7.06), 1, {pythonz}+0.0020), {pythonz}-0.0015)':x='iw\/2-(iw\/{pythonz})\/2':y='ih\/2-(ih\/{pythonz})\/2':d=25*26:s=640x1055[video2];[2_scalled]scale=iw*6:ih*6,{pythonz}pan=z='if(lte(on, 25*16.895), if(lte(on, 25*13.74), 1, {pythonz}+0.0020), {pythonz}-0.0015)':x='iw\/2-(iw\/{pythonz})\/2':y='ih\/2-(ih\/{pythonz})\/2':d=25*26:s=640x1055[video3];[3_scalled]scale=iw*6:ih*6,{pythonz}pan=z='if(lte(on, 25*23.025), if(lte(on, 25*20.05), 1, {pythonz}+0.0020), {pythonz}-0.0015)':x='iw\/2-(iw\/{pythonz})\/2':y='ih\/2-(ih\/{pythonz})\/2':d=25*26:s=640x1055[video4];[5:v][video1]{pythono}=enable='between(t,0,7.06)':x=40:y=110[v0];[v0][video2]{pythono}=enable='between(t,7.06,13.74)':x=40:y=110[v1];[v1][video3]{pythono}=enable='between(t,13.74,20.05)':x=40:y=110[v2];[v2][video4]{pythono}=enable='between(t,20.05,26)':x=40:y=110[v3];[v3][ovrly]{pythono}=0:0"],"ke":["[4]split=2[color][alpha];[color]crop=iw\/2:ih:0:0[color];[alpha]crop=iw\/2:ih:iw\/2:0[alpha];[color][alpha]{pythonmerge}[ovrly];[0]scale=640:1055,setsar=1[0_scalled];[1]scale=640:1055,setsar=1[1_scalled];[2]scale=640:1055,setsar=1[2_scalled];[3]scale=640:1055,setsar=1[3_scalled];[0_scalled]scale=iw*6:ih*6,{pythonz}pan=z='if(lte(on, 25*3.53), if(lte(on, 25*0), 1, {pythonz}+0.0020), {pythonz}-0.0015)':x='iw\/2-(iw\/{pythonz})\/2':y='ih\/2-(ih\/{pythonz})\/2':d=25*26:s=640x1055[video1];[1_scalled]scale=iw*6:ih*6,{pythonz}pan=z='if(lte(on, 25*10.40), if(lte(on, 25*7.06), 1, {pythonz}+0.0020), {pythonz}-0.0015)':x='iw\/2-(iw\/{pythonz})\/2':y='ih\/2-(ih\/{pythonz})\/2':d=25*26:s=640x1055[video2];[2_scalled]scale=iw*6:ih*6,{pythonz}pan=z='if(lte(on, 25*16.895), if(lte(on, 25*13.74), 1, {pythonz}+0.0020), {pythonz}-0.0015)':x='iw\/2-(iw\/{pythonz})\/2':y='ih\/2-(ih\/{pythonz})\/2':d=25*26:s=640x1055[video3];[3_scalled]scale=iw*6:ih*6,{pythonz}pan=z='if(lte(on, 25*23.025), if(lte(on, 25*20.05), 1, {pythonz}+0.0020), {pythonz}-0.0015)':x='iw\/2-(iw\/{pythonz})\/2':y='ih\/2-(ih\/{pythonz})\/2':d=25*26:s=640x1055[video4];[5:v][video1]{pythono}=enable='between(t,0,7.06)':x=40:y=110[v0];[v0][video2]{pythono}=enable='between(t,7.06,13.74)':x=40:y=110[v1];[v1][video3]{pythono}=enable='between(t,13.74,20.05)':x=40:y=110[v2];[v2][video4]{pythono}=enable='between(t,20.05,26)':x=40:y=110[v3];[v3][ovrly]{pythono}=0:0[final_video]"],"sh":["-map","[final_video]","-map","6:a"]}