{"images":[{"name":"img_0.jpg","w":720,"h":1280,"prefix":["-i"],"postfix":[]},{"name":"img_1.jpg","w":800,"h":1320,"prefix":["-i"],"postfix":[]},{"name":"img_2.jpg","w":800,"h":1320,"prefix":["-i"],"postfix":[]},{"name":"img_3.jpg","w":800,"h":1320,"prefix":["-i"],"postfix":[]},{"name":"img_4.jpg","w":800,"h":1320,"prefix":["-i"],"postfix":[]},{"name":"img_5.jpg","w":800,"h":1320,"prefix":["-i"],"postfix":[]},{"name":"img_6.jpg","w":800,"h":1320,"prefix":["-i"],"postfix":[]},{"name":"img_7.jpg","w":800,"h":1320,"prefix":["-i"],"postfix":[]}],"static_inputs":[{"name":"background_video.mp4","prefix":["-i"],"postfix":[]},{"name":"first.jpg","prefix":["-loop","1","-t","11","-i"],"postfix":[]}],"video":{"w":720,"h":1280,"duration":11},"e":[],"m":["-{pythoncomplex}"],"r":["[8]split=2[color][alpha];[color]crop=iw\/2:ih:0:0[color];[alpha]crop=iw\/2:ih:iw\/2:0[alpha];[color][alpha]{pythonmerge}[ovrly];[0]scale=720:1280,setsar=1[0_scalled];[1]scale=800:1320,setsar=1[1_scalled];[2]scale=800:1320,setsar=1[2_scalled];[3]scale=800:1320,setsar=1[3_scalled];[4]scale=800:1320,setsar=1[4_scalled];[5]scale=800:1320,setsar=1[5_scalled];[6]scale=800:1320,setsar=1[6_scalled];[7]scale=800:1320,setsar=1[7_scalled];[9:v][0_scalled]{pythono}=enable='between(t,0,5.87)':x=0:y=0[v3];[1_scalled]scale=iw*6:ih*6,{pythonz}pan=z='if(lte(on,25*6.12), if(lte(on,25*5.87), 1.2, if(lte({pythonz},1.0), 1.2, max(1.001,{pythonz}-0.0800))), if(lte({pythonz},-1.0), {pythonz}, min({pythonz}+0.0100, 1.2)))':x='iw\/2-(iw\/{pythonz})\/2':y='ih\/2-(ih\/{pythonz})\/2':d=25*6.62:s=800x1320[v4];[v4]rotate=a='if(gte(t, 5.87), if(lte(t, 6.12), (6.12-t)*7*PI\/180))':c=black[v5];[v5]rotate=a='if(gte(t, 6.12), if(lte(t, 6.62), (-6.12+t)*7*PI\/180))':c=black[v6];[v3][v6]{pythono}=enable='between(t,5.87,6.62)':x=-40:y=-20[v7];[2_scalled]scale=iw*6:ih*6,{pythonz}pan=z='if(lte(on,25*6.87), if(lte(on,25*6.62), 1.2, if(lte({pythonz},1.0), 1.2, max(1.001,{pythonz}-0.0800))), if(lte({pythonz},-1.0), {pythonz}, min({pythonz}+0.0100, 1.2)))':x='iw\/2-(iw\/{pythonz})\/2':y='ih\/2-(ih\/{pythonz})\/2':d=25*7.37:s=800x1320[v8];[v8]rotate=a='if(gte(t, 6.62), if(lte(t, 6.87), (6.87-t)*7*PI\/180))':c=black[v9];[v9]rotate=a='if(gte(t, 6.87), if(lte(t, 7.37), (-6.87+t)*7*PI\/180))':c=black[v10];[v7][v10]{pythono}=enable='between(t,6.62,7.37)':x=-40:y=-20[v11];[3_scalled]scale=iw*6:ih*6,{pythonz}pan=z='if(lte(on,25*7.66), if(lte(on,25*7.37), 1.2, if(lte({pythonz},1.0), 1.2, max(1.001,{pythonz}-0.0800))), if(lte({pythonz},-1.0), {pythonz}, min({pythonz}+0.0100, 1.2)))':x='iw\/2-(iw\/{pythonz})\/2':y='ih\/2-(ih\/{pythonz})\/2':d=25*8.23:s=800x1320[v12];[v12]rotate=a='if(gte(t, 7.37), if(lte(t, 7.66), (7.66-t)*7*PI\/180))':c=black[v13];[v13]rotate=a='if(gte(t, 7.66), if(lte(t, 8.23), (-7.66+t)*7*PI\/180))':c=black[v14];[v11][v14]{pythono}=enable='between(t,7.37,8.23)':x=-40:y=-20[v15];[4_scalled]scale=iw*6:ih*6,{pythonz}pan=z='if(lte(on,25*8.44), if(lte(on,25*8.23), 1.2, if(lte({pythonz},1.0), 1.2, max(1.001,{pythonz}-0.0800))), if(lte({pythonz},-1.0), {pythonz}, min({pythonz}+0.0100, 1.2)))':x='iw\/2-(iw\/{pythonz})\/2':y='ih\/2-(ih\/{pythonz})\/2':d=25*8.87:s=800x1320[v16];[v16]rotate=a='if(gte(t, 8.23), if(lte(t, 8.44), (8.44-t)*7*PI\/180))':c=black[v17];[v17]rotate=a='if(gte(t, 8.44), if(lte(t, 8.87), (-8.44+t)*7*PI\/180))':c=black[v18];[v15][v18]{pythono}=enable='between(t,8.23,8.87)':x=-40:y=-20[v19];[5_scalled]scale=iw*6:ih*6,{pythonz}pan=z='if(lte(on,25*9.12), if(lte(on,25*8.87), 1.2, if(lte({pythonz},1.0), 1.2, max(1.001,{pythonz}-0.0800))), if(lte({pythonz},-1.0), {pythonz}, min({pythonz}+0.0100, 1.2)))':x='iw\/2-(iw\/{pythonz})\/2':y='ih\/2-(ih\/{pythonz})\/2':d=25*9.63:s=800x1320[v20];[v20]rotate=a='if(gte(t, 8.87), if(lte(t, 9.12), (9.12-t)*7*PI\/180))':c=black[v21];[v21]rotate=a='if(gte(t, 9.12), if(lte(t, 9.63), (-9.12+t)*7*PI\/180))':c=black[v22];[v19][v22]{pythono}=enable='between(t,8.87,9.63)':x=-40:y=-20[v23];[6_scalled]scale=iw*6:ih*6,{pythonz}pan=z='if(lte(on,25*9.88), if(lte(on,25*9.63), 1.2, if(lte({pythonz},1.0), 1.2, max(1.001,{pythonz}-0.0800))), if(lte({pythonz},-1.0), {pythonz}, min({pythonz}+0.0100, 1.2)))':x='iw\/2-(iw\/{pythonz})\/2':y='ih\/2-(ih\/{pythonz})\/2':d=25*10.37:s=800x1320[v24];[v24]rotate=a='if(gte(t, 9.63), if(lte(t, 9.88), (9.88-t)*7*PI\/180))':c=black[v25];[v25]rotate=a='if(gte(t, 9.88), if(lte(t, 10.37), (-9.88+t)*7*PI\/180))':c=black[v26];[v23][v26]{pythono}=enable='between(t,9.63,10.37)':x=-40:y=-20[v27];[7_scalled]scale=iw*6:ih*6,{pythonz}pan=z='if(lte(on,25*10.58), if(lte(on,25*10.37), 1.2, if(lte({pythonz},1.0), 1.2, max(1.001,{pythonz}-0.0800))), if(lte({pythonz},-1.0), {pythonz}, min({pythonz}+0.0100, 1.2)))':x='iw\/2-(iw\/{pythonz})\/2':y='ih\/2-(ih\/{pythonz})\/2':d=25*11:s=800x1320[v28];[v28]rotate=a='if(gte(t, 10.37), if(lte(t, 10.58), (10.58-t)*4*PI\/180))':c=black[v29];[v29]rotate=a='if(gte(t, 10.58), if(lte(t, 11), (-10.58+t)*7*PI\/180))':c=black[v30];[v27][v30]{pythono}=enable='between(t,10.37,11)':x=-40:y=-20[v31];[v31][ovrly]{pythono}=0:0[base_video];[base_video][10]{pythono}=enable='between(t,0,5)':x=30:y=30[watermarked_part1];[watermarked_part1][10]{pythono}=enable='between(t,5,11)':x=(main_w-{pythono}_w-30):y=(main_h-{pythono}_h-30)"],"i":["[8]split=2[color][alpha];[color]crop=iw\/2:ih:0:0[color];[alpha]crop=iw\/2:ih:iw\/2:0[alpha];[color][alpha]{pythonmerge}[ovrly];[0]scale=720:1280,setsar=1[0_scalled];[1]scale=800:1320,setsar=1[1_scalled];[2]scale=800:1320,setsar=1[2_scalled];[3]scale=800:1320,setsar=1[3_scalled];[4]scale=800:1320,setsar=1[4_scalled];[5]scale=800:1320,setsar=1[5_scalled];[6]scale=800:1320,setsar=1[6_scalled];[7]scale=800:1320,setsar=1[7_scalled];[9:v][0_scalled]{pythono}=enable='between(t,0,5.87)':x=0:y=0[v3];[1_scalled]scale=iw*6:ih*6,{pythonz}pan=z='if(lte(on,25*6.12), if(lte(on,25*5.87), 1.2, if(lte({pythonz},1.0), 1.2, max(1.001,{pythonz}-0.0800))), if(lte({pythonz},-1.0), {pythonz}, min({pythonz}+0.0100, 1.2)))':x='iw\/2-(iw\/{pythonz})\/2':y='ih\/2-(ih\/{pythonz})\/2':d=25*6.62:s=800x1320[v4];[v4]rotate=a='if(gte(t, 5.87), if(lte(t, 6.12), (6.12-t)*7*PI\/180))':c=black[v5];[v5]rotate=a='if(gte(t, 6.12), if(lte(t, 6.62), (-6.12+t)*7*PI\/180))':c=black[v6];[v3][v6]{pythono}=enable='between(t,5.87,6.62)':x=-40:y=-20[v7];[2_scalled]scale=iw*6:ih*6,{pythonz}pan=z='if(lte(on,25*6.87), if(lte(on,25*6.62), 1.2, if(lte({pythonz},1.0), 1.2, max(1.001,{pythonz}-0.0800))), if(lte({pythonz},-1.0), {pythonz}, min({pythonz}+0.0100, 1.2)))':x='iw\/2-(iw\/{pythonz})\/2':y='ih\/2-(ih\/{pythonz})\/2':d=25*7.37:s=800x1320[v8];[v8]rotate=a='if(gte(t, 6.62), if(lte(t, 6.87), (6.87-t)*7*PI\/180))':c=black[v9];[v9]rotate=a='if(gte(t, 6.87), if(lte(t, 7.37), (-6.87+t)*7*PI\/180))':c=black[v10];[v7][v10]{pythono}=enable='between(t,6.62,7.37)':x=-40:y=-20[v11];[3_scalled]scale=iw*6:ih*6,{pythonz}pan=z='if(lte(on,25*7.66), if(lte(on,25*7.37), 1.2, if(lte({pythonz},1.0), 1.2, max(1.001,{pythonz}-0.0800))), if(lte({pythonz},-1.0), {pythonz}, min({pythonz}+0.0100, 1.2)))':x='iw\/2-(iw\/{pythonz})\/2':y='ih\/2-(ih\/{pythonz})\/2':d=25*8.23:s=800x1320[v12];[v12]rotate=a='if(gte(t, 7.37), if(lte(t, 7.66), (7.66-t)*7*PI\/180))':c=black[v13];[v13]rotate=a='if(gte(t, 7.66), if(lte(t, 8.23), (-7.66+t)*7*PI\/180))':c=black[v14];[v11][v14]{pythono}=enable='between(t,7.37,8.23)':x=-40:y=-20[v15];[4_scalled]scale=iw*6:ih*6,{pythonz}pan=z='if(lte(on,25*8.44), if(lte(on,25*8.23), 1.2, if(lte({pythonz},1.0), 1.2, max(1.001,{pythonz}-0.0800))), if(lte({pythonz},-1.0), {pythonz}, min({pythonz}+0.0100, 1.2)))':x='iw\/2-(iw\/{pythonz})\/2':y='ih\/2-(ih\/{pythonz})\/2':d=25*8.87:s=800x1320[v16];[v16]rotate=a='if(gte(t, 8.23), if(lte(t, 8.44), (8.44-t)*7*PI\/180))':c=black[v17];[v17]rotate=a='if(gte(t, 8.44), if(lte(t, 8.87), (-8.44+t)*7*PI\/180))':c=black[v18];[v15][v18]{pythono}=enable='between(t,8.23,8.87)':x=-40:y=-20[v19];[5_scalled]scale=iw*6:ih*6,{pythonz}pan=z='if(lte(on,25*9.12), if(lte(on,25*8.87), 1.2, if(lte({pythonz},1.0), 1.2, max(1.001,{pythonz}-0.0800))), if(lte({pythonz},-1.0), {pythonz}, min({pythonz}+0.0100, 1.2)))':x='iw\/2-(iw\/{pythonz})\/2':y='ih\/2-(ih\/{pythonz})\/2':d=25*9.63:s=800x1320[v20];[v20]rotate=a='if(gte(t, 8.87), if(lte(t, 9.12), (9.12-t)*7*PI\/180))':c=black[v21];[v21]rotate=a='if(gte(t, 9.12), if(lte(t, 9.63), (-9.12+t)*7*PI\/180))':c=black[v22];[v19][v22]{pythono}=enable='between(t,8.87,9.63)':x=-40:y=-20[v23];[6_scalled]scale=iw*6:ih*6,{pythonz}pan=z='if(lte(on,25*9.88), if(lte(on,25*9.63), 1.2, if(lte({pythonz},1.0), 1.2, max(1.001,{pythonz}-0.0800))), if(lte({pythonz},-1.0), {pythonz}, min({pythonz}+0.0100, 1.2)))':x='iw\/2-(iw\/{pythonz})\/2':y='ih\/2-(ih\/{pythonz})\/2':d=25*10.37:s=800x1320[v24];[v24]rotate=a='if(gte(t, 9.63), if(lte(t, 9.88), (9.88-t)*7*PI\/180))':c=black[v25];[v25]rotate=a='if(gte(t, 9.88), if(lte(t, 10.37), (-9.88+t)*7*PI\/180))':c=black[v26];[v23][v26]{pythono}=enable='between(t,9.63,10.37)':x=-40:y=-20[v27];[7_scalled]scale=iw*6:ih*6,{pythonz}pan=z='if(lte(on,25*10.58), if(lte(on,25*10.37), 1.2, if(lte({pythonz},1.0), 1.2, max(1.001,{pythonz}-0.0800))), if(lte({pythonz},-1.0), {pythonz}, min({pythonz}+0.0100, 1.2)))':x='iw\/2-(iw\/{pythonz})\/2':y='ih\/2-(ih\/{pythonz})\/2':d=25*11:s=800x1320[v28];[v28]rotate=a='if(gte(t, 10.37), if(lte(t, 10.58), (10.58-t)*4*PI\/180))':c=black[v29];[v29]rotate=a='if(gte(t, 10.58), if(lte(t, 11), (-10.58+t)*7*PI\/180))':c=black[v30];[v27][v30]{pythono}=enable='between(t,10.37,11)':x=-40:y=-20[v31];[v31][ovrly]{pythono}=0:0[base_video];[base_video][10]{pythono}=enable='between(t,0,5)':x=30:y=30[watermarked_part1];[watermarked_part1][10]{pythono}=enable='between(t,5,11)':x=(main_w-{pythono}_w-30):y=(main_h-{pythono}_h-30)[final_video]"],"n":[],"g":[],"c":[],"o":["-map","[final_video]","-map","11:a"],"d":["-t","11","-strict","-2"],"s":[],"layers":[{"ao":0,"bm":1,"ddd":0,"ind":1,"ip":0,"ks":{"a":{"a":0,"ix":1,"k":[270,480,0]},"o":{"a":0,"ix":11,"k":18.039},"p":{"a":0,"ix":2,"k":[270,480,0]},"r":{"a":0,"ix":10,"k":0},"s":{"a":0,"ix":6,"k":[100,100,100]}},"nm":"all","op":327,"refId":"image_0","sr":1,"st":0,"ty":2},{"ao":0,"bm":3,"ddd":0,"ind":2,"ip":76,"ks":{"a":{"a":0,"ix":1,"k":[270,480,0]},"o":{"a":0,"ix":11,"k":40},"p":{"a":0,"ix":2,"k":[270,480,0]},"r":{"a":0,"ix":10,"k":0},"s":{"a":0,"ix":6,"k":[100,100,100]}},"nm":"lvjing  all 3","op":327,"refId":"image_1","sr":1,"st":-8,"ty":2},{"ao":0,"bm":13,"ddd":0,"ind":3,"ip":76,"ks":{"a":{"a":0,"ix":1,"k":[270,480,0]},"o":{"a":0,"ix":11,"k":50.196},"p":{"a":0,"ix":2,"k":[270,480,0]},"r":{"a":0,"ix":10,"k":0},"s":{"a":0,"ix":6,"k":[100,100,100]}},"nm":"baohedu all 3","op":327,"refId":"image_2","sr":1,"st":-8,"ty":2}],"mu":["[8]split=2[color][alpha];[color]crop=iw\/2:ih:0:0[color];[alpha]crop=iw\/2:ih:iw\/2:0[alpha];[color][alpha]{pythonmerge}[ovrly];[0]scale=720:1280,setsar=1[0_scalled];[1]scale=800:1320,setsar=1[1_scalled];[2]scale=800:1320,setsar=1[2_scalled];[3]scale=800:1320,setsar=1[3_scalled];[4]scale=800:1320,setsar=1[4_scalled];[5]scale=800:1320,setsar=1[5_scalled];[6]scale=800:1320,setsar=1[6_scalled];[7]scale=800:1320,setsar=1[7_scalled];[9:v][0_scalled]{pythono}=enable='between(t,0,5.87)':x=0:y=0[v3];[1_scalled]scale=iw*6:ih*6,{pythonz}pan=z='if(lte(on,25*6.12), if(lte(on,25*5.87), 1.2, if(lte({pythonz},1.0), 1.2, max(1.001,{pythonz}-0.0800))), if(lte({pythonz},-1.0), {pythonz}, min({pythonz}+0.0100, 1.2)))':x='iw\/2-(iw\/{pythonz})\/2':y='ih\/2-(ih\/{pythonz})\/2':d=25*6.62:s=800x1320[v4];[v4]rotate=a='if(gte(t, 5.87), if(lte(t, 6.12), (6.12-t)*7*PI\/180))':c=black[v5];[v5]rotate=a='if(gte(t, 6.12), if(lte(t, 6.62), (-6.12+t)*7*PI\/180))':c=black[v6];[v3][v6]{pythono}=enable='between(t,5.87,6.62)':x=-40:y=-20[v7];[2_scalled]scale=iw*6:ih*6,{pythonz}pan=z='if(lte(on,25*6.87), if(lte(on,25*6.62), 1.2, if(lte({pythonz},1.0), 1.2, max(1.001,{pythonz}-0.0800))), if(lte({pythonz},-1.0), {pythonz}, min({pythonz}+0.0100, 1.2)))':x='iw\/2-(iw\/{pythonz})\/2':y='ih\/2-(ih\/{pythonz})\/2':d=25*7.37:s=800x1320[v8];[v8]rotate=a='if(gte(t, 6.62), if(lte(t, 6.87), (6.87-t)*7*PI\/180))':c=black[v9];[v9]rotate=a='if(gte(t, 6.87), if(lte(t, 7.37), (-6.87+t)*7*PI\/180))':c=black[v10];[v7][v10]{pythono}=enable='between(t,6.62,7.37)':x=-40:y=-20[v11];[3_scalled]scale=iw*6:ih*6,{pythonz}pan=z='if(lte(on,25*7.66), if(lte(on,25*7.37), 1.2, if(lte({pythonz},1.0), 1.2, max(1.001,{pythonz}-0.0800))), if(lte({pythonz},-1.0), {pythonz}, min({pythonz}+0.0100, 1.2)))':x='iw\/2-(iw\/{pythonz})\/2':y='ih\/2-(ih\/{pythonz})\/2':d=25*8.23:s=800x1320[v12];[v12]rotate=a='if(gte(t, 7.37), if(lte(t, 7.66), (7.66-t)*7*PI\/180))':c=black[v13];[v13]rotate=a='if(gte(t, 7.66), if(lte(t, 8.23), (-7.66+t)*7*PI\/180))':c=black[v14];[v11][v14]{pythono}=enable='between(t,7.37,8.23)':x=-40:y=-20[v15];[4_scalled]scale=iw*6:ih*6,{pythonz}pan=z='if(lte(on,25*8.44), if(lte(on,25*8.23), 1.2, if(lte({pythonz},1.0), 1.2, max(1.001,{pythonz}-0.0800))), if(lte({pythonz},-1.0), {pythonz}, min({pythonz}+0.0100, 1.2)))':x='iw\/2-(iw\/{pythonz})\/2':y='ih\/2-(ih\/{pythonz})\/2':d=25*8.87:s=800x1320[v16];[v16]rotate=a='if(gte(t, 8.23), if(lte(t, 8.44), (8.44-t)*7*PI\/180))':c=black[v17];[v17]rotate=a='if(gte(t, 8.44), if(lte(t, 8.87), (-8.44+t)*7*PI\/180))':c=black[v18];[v15][v18]{pythono}=enable='between(t,8.23,8.87)':x=-40:y=-20[v19];[5_scalled]scale=iw*6:ih*6,{pythonz}pan=z='if(lte(on,25*9.12), if(lte(on,25*8.87), 1.2, if(lte({pythonz},1.0), 1.2, max(1.001,{pythonz}-0.0800))), if(lte({pythonz},-1.0), {pythonz}, min({pythonz}+0.0100, 1.2)))':x='iw\/2-(iw\/{pythonz})\/2':y='ih\/2-(ih\/{pythonz})\/2':d=25*9.63:s=800x1320[v20];[v20]rotate=a='if(gte(t, 8.87), if(lte(t, 9.12), (9.12-t)*7*PI\/180))':c=black[v21];[v21]rotate=a='if(gte(t, 9.12), if(lte(t, 9.63), (-9.12+t)*7*PI\/180))':c=black[v22];[v19][v22]{pythono}=enable='between(t,8.87,9.63)':x=-40:y=-20[v23];[6_scalled]scale=iw*6:ih*6,{pythonz}pan=z='if(lte(on,25*9.88), if(lte(on,25*9.63), 1.2, if(lte({pythonz},1.0), 1.2, max(1.001,{pythonz}-0.0800))), if(lte({pythonz},-1.0), {pythonz}, min({pythonz}+0.0100, 1.2)))':x='iw\/2-(iw\/{pythonz})\/2':y='ih\/2-(ih\/{pythonz})\/2':d=25*10.37:s=800x1320[v24];[v24]rotate=a='if(gte(t, 9.63), if(lte(t, 9.88), (9.88-t)*7*PI\/180))':c=black[v25];[v25]rotate=a='if(gte(t, 9.88), if(lte(t, 10.37), (-9.88+t)*7*PI\/180))':c=black[v26];[v23][v26]{pythono}=enable='between(t,9.63,10.37)':x=-40:y=-20[v27];[7_scalled]scale=iw*6:ih*6,{pythonz}pan=z='if(lte(on,25*10.58), if(lte(on,25*10.37), 1.2, if(lte({pythonz},1.0), 1.2, max(1.001,{pythonz}-0.0800))), if(lte({pythonz},-1.0), {pythonz}, min({pythonz}+0.0100, 1.2)))':x='iw\/2-(iw\/{pythonz})\/2':y='ih\/2-(ih\/{pythonz})\/2':d=25*11:s=800x1320[v28];[v28]rotate=a='if(gte(t, 10.37), if(lte(t, 10.58), (10.58-t)*4*PI\/180))':c=black[v29];[v29]rotate=a='if(gte(t, 10.58), if(lte(t, 11), (-10.58+t)*7*PI\/180))':c=black[v30];[v27][v30]{pythono}=enable='between(t,10.37,11)':x=-40:y=-20[v31];[v31][ovrly]{pythono}=0:0"],"ke":["[8]split=2[color][alpha];[color]crop=iw\/2:ih:0:0[color];[alpha]crop=iw\/2:ih:iw\/2:0[alpha];[color][alpha]{pythonmerge}[ovrly];[0]scale=720:1280,setsar=1[0_scalled];[1]scale=800:1320,setsar=1[1_scalled];[2]scale=800:1320,setsar=1[2_scalled];[3]scale=800:1320,setsar=1[3_scalled];[4]scale=800:1320,setsar=1[4_scalled];[5]scale=800:1320,setsar=1[5_scalled];[6]scale=800:1320,setsar=1[6_scalled];[7]scale=800:1320,setsar=1[7_scalled];[9:v][0_scalled]{pythono}=enable='between(t,0,5.87)':x=0:y=0[v3];[1_scalled]scale=iw*6:ih*6,{pythonz}pan=z='if(lte(on,25*6.12), if(lte(on,25*5.87), 1.2, if(lte({pythonz},1.0), 1.2, max(1.001,{pythonz}-0.0800))), if(lte({pythonz},-1.0), {pythonz}, min({pythonz}+0.0100, 1.2)))':x='iw\/2-(iw\/{pythonz})\/2':y='ih\/2-(ih\/{pythonz})\/2':d=25*6.62:s=800x1320[v4];[v4]rotate=a='if(gte(t, 5.87), if(lte(t, 6.12), (6.12-t)*7*PI\/180))':c=black[v5];[v5]rotate=a='if(gte(t, 6.12), if(lte(t, 6.62), (-6.12+t)*7*PI\/180))':c=black[v6];[v3][v6]{pythono}=enable='between(t,5.87,6.62)':x=-40:y=-20[v7];[2_scalled]scale=iw*6:ih*6,{pythonz}pan=z='if(lte(on,25*6.87), if(lte(on,25*6.62), 1.2, if(lte({pythonz},1.0), 1.2, max(1.001,{pythonz}-0.0800))), if(lte({pythonz},-1.0), {pythonz}, min({pythonz}+0.0100, 1.2)))':x='iw\/2-(iw\/{pythonz})\/2':y='ih\/2-(ih\/{pythonz})\/2':d=25*7.37:s=800x1320[v8];[v8]rotate=a='if(gte(t, 6.62), if(lte(t, 6.87), (6.87-t)*7*PI\/180))':c=black[v9];[v9]rotate=a='if(gte(t, 6.87), if(lte(t, 7.37), (-6.87+t)*7*PI\/180))':c=black[v10];[v7][v10]{pythono}=enable='between(t,6.62,7.37)':x=-40:y=-20[v11];[3_scalled]scale=iw*6:ih*6,{pythonz}pan=z='if(lte(on,25*7.66), if(lte(on,25*7.37), 1.2, if(lte({pythonz},1.0), 1.2, max(1.001,{pythonz}-0.0800))), if(lte({pythonz},-1.0), {pythonz}, min({pythonz}+0.0100, 1.2)))':x='iw\/2-(iw\/{pythonz})\/2':y='ih\/2-(ih\/{pythonz})\/2':d=25*8.23:s=800x1320[v12];[v12]rotate=a='if(gte(t, 7.37), if(lte(t, 7.66), (7.66-t)*7*PI\/180))':c=black[v13];[v13]rotate=a='if(gte(t, 7.66), if(lte(t, 8.23), (-7.66+t)*7*PI\/180))':c=black[v14];[v11][v14]{pythono}=enable='between(t,7.37,8.23)':x=-40:y=-20[v15];[4_scalled]scale=iw*6:ih*6,{pythonz}pan=z='if(lte(on,25*8.44), if(lte(on,25*8.23), 1.2, if(lte({pythonz},1.0), 1.2, max(1.001,{pythonz}-0.0800))), if(lte({pythonz},-1.0), {pythonz}, min({pythonz}+0.0100, 1.2)))':x='iw\/2-(iw\/{pythonz})\/2':y='ih\/2-(ih\/{pythonz})\/2':d=25*8.87:s=800x1320[v16];[v16]rotate=a='if(gte(t, 8.23), if(lte(t, 8.44), (8.44-t)*7*PI\/180))':c=black[v17];[v17]rotate=a='if(gte(t, 8.44), if(lte(t, 8.87), (-8.44+t)*7*PI\/180))':c=black[v18];[v15][v18]{pythono}=enable='between(t,8.23,8.87)':x=-40:y=-20[v19];[5_scalled]scale=iw*6:ih*6,{pythonz}pan=z='if(lte(on,25*9.12), if(lte(on,25*8.87), 1.2, if(lte({pythonz},1.0), 1.2, max(1.001,{pythonz}-0.0800))), if(lte({pythonz},-1.0), {pythonz}, min({pythonz}+0.0100, 1.2)))':x='iw\/2-(iw\/{pythonz})\/2':y='ih\/2-(ih\/{pythonz})\/2':d=25*9.63:s=800x1320[v20];[v20]rotate=a='if(gte(t, 8.87), if(lte(t, 9.12), (9.12-t)*7*PI\/180))':c=black[v21];[v21]rotate=a='if(gte(t, 9.12), if(lte(t, 9.63), (-9.12+t)*7*PI\/180))':c=black[v22];[v19][v22]{pythono}=enable='between(t,8.87,9.63)':x=-40:y=-20[v23];[6_scalled]scale=iw*6:ih*6,{pythonz}pan=z='if(lte(on,25*9.88), if(lte(on,25*9.63), 1.2, if(lte({pythonz},1.0), 1.2, max(1.001,{pythonz}-0.0800))), if(lte({pythonz},-1.0), {pythonz}, min({pythonz}+0.0100, 1.2)))':x='iw\/2-(iw\/{pythonz})\/2':y='ih\/2-(ih\/{pythonz})\/2':d=25*10.37:s=800x1320[v24];[v24]rotate=a='if(gte(t, 9.63), if(lte(t, 9.88), (9.88-t)*7*PI\/180))':c=black[v25];[v25]rotate=a='if(gte(t, 9.88), if(lte(t, 10.37), (-9.88+t)*7*PI\/180))':c=black[v26];[v23][v26]{pythono}=enable='between(t,9.63,10.37)':x=-40:y=-20[v27];[7_scalled]scale=iw*6:ih*6,{pythonz}pan=z='if(lte(on,25*10.58), if(lte(on,25*10.37), 1.2, if(lte({pythonz},1.0), 1.2, max(1.001,{pythonz}-0.0800))), if(lte({pythonz},-1.0), {pythonz}, min({pythonz}+0.0100, 1.2)))':x='iw\/2-(iw\/{pythonz})\/2':y='ih\/2-(ih\/{pythonz})\/2':d=25*11:s=800x1320[v28];[v28]rotate=a='if(gte(t, 10.37), if(lte(t, 10.58), (10.58-t)*4*PI\/180))':c=black[v29];[v29]rotate=a='if(gte(t, 10.58), if(lte(t, 11), (-10.58+t)*7*PI\/180))':c=black[v30];[v27][v30]{pythono}=enable='between(t,10.37,11)':x=-40:y=-20[v31];[v31][ovrly]{pythono}=0:0[final_video]"],"sh":["-map","[final_video]","-map","10:a"]}