{"images":[{"name":"img_0.jpg","w":720,"h":1280,"prefix":["-i"],"postfix":[]},{"name":"img_1.jpg","w":720,"h":1280,"prefix":["-i"],"postfix":[]},{"name":"img_2.jpg","w":720,"h":1280,"prefix":["-i"],"postfix":[]},{"name":"img_3.jpg","w":720,"h":1280,"prefix":["-i"],"postfix":[]},{"name":"img_4.jpg","w":720,"h":1280,"prefix":["-i"],"postfix":[]},{"name":"img_5.jpg","w":720,"h":1280,"prefix":["-i"],"postfix":[]}],"static_inputs":[{"name":"background_video.mp4","prefix":["-i"],"postfix":[]}],"video":{"w":720,"h":1280,"duration":16},"e":[],"m":["-{pythoncomplex}"],"r":["[6]split=2[color][alpha];[color]crop=iw\/2:ih:0:0[color];[alpha]crop=iw\/2:ih:iw\/2:0[alpha];[color][alpha]{pythonmerge}[ovrly];[0]scale=720:1280,setsar=1[0_scalled];[1]scale=720:1280,setsar=1[1_scalled];[2]scale=720:1280,setsar=1[2_scalled];[3]scale=720:1280,setsar=1[3_scalled];[4]scale=720:1280,setsar=1[4_scalled];[5]scale=720:1280,setsar=1[5_scalled];[0_scalled]scale=iw*6:ih*6,{pythonz}pan=z='if(lte({pythonz},1.0),1.5, max(1.001,{pythonz}-0.0080))':x='iw\/2-(iw\/{pythonz})\/2':y='ih\/2-(ih\/{pythonz})\/2':d=25*2.16:s=720x1280[v0];[1_scalled]scale=iw*6:ih*6,{pythonz}pan=z='if(lte({pythonz},1.0),1.5, max(1.001,{pythonz}-0.0080))':x='iw\/2-(iw\/{pythonz})\/2':y='ih\/2-(ih\/{pythonz})\/2':d=25*(4.56-2.16):s=720x1280[v1];[2_scalled]scale=iw*6:ih*6,{pythonz}pan=z='if(lte(on,25*1.985), if(lte({pythonz},1.0),1.5, max(1.001,{pythonz}-0.0080)), {pythonz}+0.0080)':x='iw\/2-(iw\/{pythonz})\/2':y='ih\/2-(ih\/{pythonz})\/2':d=25*(8.53-4.56):s=720x1280[v2];[3_scalled]scale=iw*6:ih*6,{pythonz}pan=z='if(lte({pythonz},1.0),1.5, max(1.001,{pythonz}-0.0080))':x='iw\/2-(iw\/{pythonz})\/2':y='ih\/2-(ih\/{pythonz})\/2':d=25*(11.07-8.53):s=720x1280[v3];[4_scalled]scale=iw*6:ih*6,{pythonz}pan=z='if(lte({pythonz},1.0),1.5, max(1.001,{pythonz}-0.0080))':x='iw\/2-(iw\/{pythonz})\/2':y='ih\/2-(ih\/{pythonz})\/2':d=25*(13.56-11.07):s=720x1280[v4];[5_scalled]scale=iw*6:ih*6,{pythonz}pan=z='if(lte({pythonz},1.0),1.5, max(1.001,{pythonz}-0.0080))':x='iw\/2-(iw\/{pythonz})\/2':y='ih\/2-(ih\/{pythonz})\/2':d=25*(16-13.56):s=720x1280[v5];[v0][v1][v2][v3][v4][v5]concat=n=6:v=1:a=0,format=yuv420p[v20];[v20][ovrly]{pythono}=0:0[base_video];[base_video][7]{pythono}=enable='between(t,0,8)':x=30:y=30[watermarked_part1];[watermarked_part1][7]{pythono}=enable='between(t,8,16)':x=(main_w-{pythono}_w-30):y=(main_h-{pythono}_h-30)"],"i":["[6]split=2[color][alpha];[color]crop=iw\/2:ih:0:0[color];[alpha]crop=iw\/2:ih:iw\/2:0[alpha];[color][alpha]{pythonmerge}[ovrly];[0]scale=720:1280,setsar=1[0_scalled];[1]scale=720:1280,setsar=1[1_scalled];[2]scale=720:1280,setsar=1[2_scalled];[3]scale=720:1280,setsar=1[3_scalled];[4]scale=720:1280,setsar=1[4_scalled];[5]scale=720:1280,setsar=1[5_scalled];[0_scalled]scale=iw*6:ih*6,{pythonz}pan=z='if(lte({pythonz},1.0),1.5, max(1.001,{pythonz}-0.0080))':x='iw\/2-(iw\/{pythonz})\/2':y='ih\/2-(ih\/{pythonz})\/2':d=25*2.16:s=720x1280[v0];[1_scalled]scale=iw*6:ih*6,{pythonz}pan=z='if(lte({pythonz},1.0),1.5, max(1.001,{pythonz}-0.0080))':x='iw\/2-(iw\/{pythonz})\/2':y='ih\/2-(ih\/{pythonz})\/2':d=25*(4.56-2.16):s=720x1280[v1];[2_scalled]scale=iw*6:ih*6,{pythonz}pan=z='if(lte(on,25*1.985), if(lte({pythonz},1.0),1.5, max(1.001,{pythonz}-0.0080)), {pythonz}+0.0080)':x='iw\/2-(iw\/{pythonz})\/2':y='ih\/2-(ih\/{pythonz})\/2':d=25*(8.53-4.56):s=720x1280[v2];[3_scalled]scale=iw*6:ih*6,{pythonz}pan=z='if(lte({pythonz},1.0),1.5, max(1.001,{pythonz}-0.0080))':x='iw\/2-(iw\/{pythonz})\/2':y='ih\/2-(ih\/{pythonz})\/2':d=25*(11.07-8.53):s=720x1280[v3];[4_scalled]scale=iw*6:ih*6,{pythonz}pan=z='if(lte({pythonz},1.0),1.5, max(1.001,{pythonz}-0.0080))':x='iw\/2-(iw\/{pythonz})\/2':y='ih\/2-(ih\/{pythonz})\/2':d=25*(13.56-11.07):s=720x1280[v4];[5_scalled]scale=iw*6:ih*6,{pythonz}pan=z='if(lte({pythonz},1.0),1.5, max(1.001,{pythonz}-0.0080))':x='iw\/2-(iw\/{pythonz})\/2':y='ih\/2-(ih\/{pythonz})\/2':d=25*(16-13.56):s=720x1280[v5];[v0][v1][v2][v3][v4][v5]concat=n=6:v=1:a=0,format=yuv420p[v20];[v20][ovrly]{pythono}=0:0[base_video];[base_video][7]{pythono}=enable='between(t,0,8)':x=30:y=30[watermarked_part1];[watermarked_part1][7]{pythono}=enable='between(t,8,16)':x=(main_w-{pythono}_w-30):y=(main_h-{pythono}_h-30)[final_video]"],"n":[],"g":[],"c":[],"o":["-map","[final_video]","-map","8:a"],"d":["-t","16","-strict","-2"],"s":[],"layers":[{"ao":0,"bm":1,"ddd":0,"ind":1,"ip":0,"ks":{"a":{"a":0,"ix":1,"k":[270,480,0]},"o":{"a":0,"ix":11,"k":18.039},"p":{"a":0,"ix":2,"k":[270,480,0]},"r":{"a":0,"ix":10,"k":0},"s":{"a":0,"ix":6,"k":[100,100,100]}},"nm":"all","op":327,"refId":"image_0","sr":1,"st":0,"ty":2},{"ao":0,"bm":3,"ddd":0,"ind":2,"ip":76,"ks":{"a":{"a":0,"ix":1,"k":[270,480,0]},"o":{"a":0,"ix":11,"k":40},"p":{"a":0,"ix":2,"k":[270,480,0]},"r":{"a":0,"ix":10,"k":0},"s":{"a":0,"ix":6,"k":[100,100,100]}},"nm":"lvjing  all 3","op":327,"refId":"image_1","sr":1,"st":-8,"ty":2},{"ao":0,"bm":13,"ddd":0,"ind":3,"ip":76,"ks":{"a":{"a":0,"ix":1,"k":[270,480,0]},"o":{"a":0,"ix":11,"k":50.196},"p":{"a":0,"ix":2,"k":[270,480,0]},"r":{"a":0,"ix":10,"k":0},"s":{"a":0,"ix":6,"k":[100,100,100]}},"nm":"baohedu all 3","op":327,"refId":"image_2","sr":1,"st":-8,"ty":2}],"mu":["[6]split=2[color][alpha];[color]crop=iw\/2:ih:0:0[color];[alpha]crop=iw\/2:ih:iw\/2:0[alpha];[color][alpha]{pythonmerge}[ovrly];[0]scale=720:1280,setsar=1[0_scalled];[1]scale=720:1280,setsar=1[1_scalled];[2]scale=720:1280,setsar=1[2_scalled];[3]scale=720:1280,setsar=1[3_scalled];[4]scale=720:1280,setsar=1[4_scalled];[5]scale=720:1280,setsar=1[5_scalled];[0_scalled]scale=iw*6:ih*6,{pythonz}pan=z='if(lte({pythonz},1.0),1.5, max(1.001,{pythonz}-0.0080))':x='iw\/2-(iw\/{pythonz})\/2':y='ih\/2-(ih\/{pythonz})\/2':d=25*2.16:s=720x1280[v0];[1_scalled]scale=iw*6:ih*6,{pythonz}pan=z='if(lte({pythonz},1.0),1.5, max(1.001,{pythonz}-0.0080))':x='iw\/2-(iw\/{pythonz})\/2':y='ih\/2-(ih\/{pythonz})\/2':d=25*(4.56-2.16):s=720x1280[v1];[2_scalled]scale=iw*6:ih*6,{pythonz}pan=z='if(lte(on,25*1.985), if(lte({pythonz},1.0),1.5, max(1.001,{pythonz}-0.0080)), {pythonz}+0.0080)':x='iw\/2-(iw\/{pythonz})\/2':y='ih\/2-(ih\/{pythonz})\/2':d=25*(8.53-4.56):s=720x1280[v2];[3_scalled]scale=iw*6:ih*6,{pythonz}pan=z='if(lte({pythonz},1.0),1.5, max(1.001,{pythonz}-0.0080))':x='iw\/2-(iw\/{pythonz})\/2':y='ih\/2-(ih\/{pythonz})\/2':d=25*(11.07-8.53):s=720x1280[v3];[4_scalled]scale=iw*6:ih*6,{pythonz}pan=z='if(lte({pythonz},1.0),1.5, max(1.001,{pythonz}-0.0080))':x='iw\/2-(iw\/{pythonz})\/2':y='ih\/2-(ih\/{pythonz})\/2':d=25*(13.56-11.07):s=720x1280[v4];[5_scalled]scale=iw*6:ih*6,{pythonz}pan=z='if(lte({pythonz},1.0),1.5, max(1.001,{pythonz}-0.0080))':x='iw\/2-(iw\/{pythonz})\/2':y='ih\/2-(ih\/{pythonz})\/2':d=25*(16-13.56):s=720x1280[v5];[v0][v1][v2][v3][v4][v5]concat=n=6:v=1:a=0,format=yuv420p[v20];[v20][ovrly]{pythono}=0:0"],"ke":["[6]split=2[color][alpha];[color]crop=iw\/2:ih:0:0[color];[alpha]crop=iw\/2:ih:iw\/2:0[alpha];[color][alpha]{pythonmerge}[ovrly];[0]scale=720:1280,setsar=1[0_scalled];[1]scale=720:1280,setsar=1[1_scalled];[2]scale=720:1280,setsar=1[2_scalled];[3]scale=720:1280,setsar=1[3_scalled];[4]scale=720:1280,setsar=1[4_scalled];[5]scale=720:1280,setsar=1[5_scalled];[0_scalled]scale=iw*6:ih*6,{pythonz}pan=z='if(lte({pythonz},1.0),1.5, max(1.001,{pythonz}-0.0080))':x='iw\/2-(iw\/{pythonz})\/2':y='ih\/2-(ih\/{pythonz})\/2':d=25*2.16:s=720x1280[v0];[1_scalled]scale=iw*6:ih*6,{pythonz}pan=z='if(lte({pythonz},1.0),1.5, max(1.001,{pythonz}-0.0080))':x='iw\/2-(iw\/{pythonz})\/2':y='ih\/2-(ih\/{pythonz})\/2':d=25*(4.56-2.16):s=720x1280[v1];[2_scalled]scale=iw*6:ih*6,{pythonz}pan=z='if(lte(on,25*1.985), if(lte({pythonz},1.0),1.5, max(1.001,{pythonz}-0.0080)), {pythonz}+0.0080)':x='iw\/2-(iw\/{pythonz})\/2':y='ih\/2-(ih\/{pythonz})\/2':d=25*(8.53-4.56):s=720x1280[v2];[3_scalled]scale=iw*6:ih*6,{pythonz}pan=z='if(lte({pythonz},1.0),1.5, max(1.001,{pythonz}-0.0080))':x='iw\/2-(iw\/{pythonz})\/2':y='ih\/2-(ih\/{pythonz})\/2':d=25*(11.07-8.53):s=720x1280[v3];[4_scalled]scale=iw*6:ih*6,{pythonz}pan=z='if(lte({pythonz},1.0),1.5, max(1.001,{pythonz}-0.0080))':x='iw\/2-(iw\/{pythonz})\/2':y='ih\/2-(ih\/{pythonz})\/2':d=25*(13.56-11.07):s=720x1280[v4];[5_scalled]scale=iw*6:ih*6,{pythonz}pan=z='if(lte({pythonz},1.0),1.5, max(1.001,{pythonz}-0.0080))':x='iw\/2-(iw\/{pythonz})\/2':y='ih\/2-(ih\/{pythonz})\/2':d=25*(16-13.56):s=720x1280[v5];[v0][v1][v2][v3][v4][v5]concat=n=6:v=1:a=0,format=yuv420p[v20];[v20][ovrly]{pythono}=0:0[final_video]"],"sh":["-map","[final_video]","-map","7:a"]}