{"images":[{"name":"img_0.jpg","w":720,"h":1310,"prefix":["-loop","1","-t","10.13","-i"],"postfix":[]},{"name":"img_1.jpg","w":720,"h":1310,"prefix":["-loop","1","-t","2.75","-i"],"postfix":[]},{"name":"img_2.jpg","w":720,"h":1310,"prefix":["-loop","1","-t","3.12","-i"],"postfix":[]}],"static_inputs":[{"name":"background_video.mp4","prefix":["-i"],"postfix":[]}],"video":{"w":720,"h":1280,"duration":16},"e":[],"m":["-{pythoncomplex}"],"r":["[3]split=2[color][alpha];[color]crop=iw\/2:ih:0:0[color];[alpha]crop=iw\/2:ih:iw\/2:0[alpha];[color][alpha]{pythonmerge}[ovrly];[0]scale=720:1310,setsar=1,fps=fps=90[0_scalled];[1]scale=720:1310,setsar=1,fps=fps=90[1_scalled];[2]scale=720:1310,setsar=1,fps=fps=90[2_scalled];[0_scalled]crop=720:1280:720:(in_h-out_h)\/2+((in_h-out_h)\/2)*sin(n\/10)[v0];[1_scalled]crop=720:1280:720:(in_h-out_h)\/2+((in_h-out_h)\/2)*sin(n\/10)[v1];[2_scalled]crop=720:1280:720:(in_h-out_h)\/2+((in_h-out_h)\/2)*sin(n\/10)[v2];[v0][v1][v2]concat=n=3:v=1:a=0,format=yuv420p[concatenated_video];[concatenated_video][ovrly]{pythono}=0:0[base_video];[base_video][4]{pythono}=enable='between(t,0,8)':x=30:y=30[watermarked_part1];[watermarked_part1][4]{pythono}=enable='between(t,8,16)':x=(main_w-{pythono}_w-30):y=(main_h-{pythono}_h-30)"],"i":["[3]split=2[color][alpha];[color]crop=iw\/2:ih:0:0[color];[alpha]crop=iw\/2:ih:iw\/2:0[alpha];[color][alpha]{pythonmerge}[ovrly];[0]scale=720:1310,setsar=1,fps=fps=90[0_scalled];[1]scale=720:1310,setsar=1,fps=fps=90[1_scalled];[2]scale=720:1310,setsar=1,fps=fps=90[2_scalled];[0_scalled]crop=720:1280:720:(in_h-out_h)\/2+((in_h-out_h)\/2)*sin(n\/10)[v0];[1_scalled]crop=720:1280:720:(in_h-out_h)\/2+((in_h-out_h)\/2)*sin(n\/10)[v1];[2_scalled]crop=720:1280:720:(in_h-out_h)\/2+((in_h-out_h)\/2)*sin(n\/10)[v2];[v0][v1][v2]concat=n=3:v=1:a=0,format=yuv420p[concatenated_video];[concatenated_video][ovrly]{pythono}=0:0[base_video];[base_video][4]{pythono}=enable='between(t,0,8)':x=30:y=30[watermarked_part1];[watermarked_part1][4]{pythono}=enable='between(t,8,16)':x=(main_w-{pythono}_w-30):y=(main_h-{pythono}_h-30)[final_video]"],"n":[],"g":[],"c":[],"o":["-map","[final_video]","-map","5:a"],"d":["-t","16","-strict","-2"],"s":[],"layers":[{"ao":0,"bm":1,"ddd":0,"ind":1,"ip":0,"ks":{"a":{"a":0,"ix":1,"k":[270,480,0]},"o":{"a":0,"ix":11,"k":18.039},"p":{"a":0,"ix":2,"k":[270,480,0]},"r":{"a":0,"ix":10,"k":0},"s":{"a":0,"ix":6,"k":[100,100,100]}},"nm":"all","op":327,"refId":"image_0","sr":1,"st":0,"ty":2},{"ao":0,"bm":3,"ddd":0,"ind":2,"ip":76,"ks":{"a":{"a":0,"ix":1,"k":[270,480,0]},"o":{"a":0,"ix":11,"k":40},"p":{"a":0,"ix":2,"k":[270,480,0]},"r":{"a":0,"ix":10,"k":0},"s":{"a":0,"ix":6,"k":[100,100,100]}},"nm":"lvjing  all 3","op":327,"refId":"image_1","sr":1,"st":-8,"ty":2},{"ao":0,"bm":13,"ddd":0,"ind":3,"ip":76,"ks":{"a":{"a":0,"ix":1,"k":[270,480,0]},"o":{"a":0,"ix":11,"k":50.196},"p":{"a":0,"ix":2,"k":[270,480,0]},"r":{"a":0,"ix":10,"k":0},"s":{"a":0,"ix":6,"k":[100,100,100]}},"nm":"baohedu all 3","op":327,"refId":"image_2","sr":1,"st":-8,"ty":2}],"mu":["[3]split=2[color][alpha];[color]crop=iw\/2:ih:0:0[color];[alpha]crop=iw\/2:ih:iw\/2:0[alpha];[color][alpha]{pythonmerge}[ovrly];[0]scale=720:1310,setsar=1,fps=fps=90[0_scalled];[1]scale=720:1310,setsar=1,fps=fps=90[1_scalled];[2]scale=720:1310,setsar=1,fps=fps=90[2_scalled];[0_scalled]crop=720:1280:720:(in_h-out_h)\/2+((in_h-out_h)\/2)*sin(n\/10)[v0];[1_scalled]crop=720:1280:720:(in_h-out_h)\/2+((in_h-out_h)\/2)*sin(n\/10)[v1];[2_scalled]crop=720:1280:720:(in_h-out_h)\/2+((in_h-out_h)\/2)*sin(n\/10)[v2];[v0][v1][v2]concat=n=3:v=1:a=0,format=yuv420p[concatenated_video];[concatenated_video][ovrly]{pythono}=0:0"],"ke":["[3]split=2[color][alpha];[color]crop=iw\/2:ih:0:0[color];[alpha]crop=iw\/2:ih:iw\/2:0[alpha];[color][alpha]{pythonmerge}[ovrly];[0]scale=720:1310,setsar=1,fps=fps=90[0_scalled];[1]scale=720:1310,setsar=1,fps=fps=90[1_scalled];[2]scale=720:1310,setsar=1,fps=fps=90[2_scalled];[0_scalled]crop=720:1280:720:(in_h-out_h)\/2+((in_h-out_h)\/2)*sin(n\/10)[v0];[1_scalled]crop=720:1280:720:(in_h-out_h)\/2+((in_h-out_h)\/2)*sin(n\/10)[v1];[2_scalled]crop=720:1280:720:(in_h-out_h)\/2+((in_h-out_h)\/2)*sin(n\/10)[v2];[v0][v1][v2]concat=n=3:v=1:a=0,format=yuv420p[concatenated_video];[concatenated_video][ovrly]{pythono}=0:0[final_video]"],"sh":["-map","[final_video]","-map","4:a"]}