{"images":[{"name":"img_0.jpg","w":720,"h":960,"prefix":["-i"],"postfix":[]},{"name":"img_1.jpg","w":720,"h":960,"prefix":["-i"],"postfix":[]},{"name":"img_2.jpg","w":720,"h":960,"prefix":["-i"],"postfix":[]},{"name":"img_3.jpg","w":720,"h":960,"prefix":["-i"],"postfix":[]},{"name":"img_4.jpg","w":720,"h":960,"prefix":["-i"],"postfix":[]}],"static_inputs":[{"name":"background_video.mp4","prefix":["-i"],"postfix":[]},{"name":"first.jpg","prefix":["-loop","1","-t","27","-i"],"postfix":[]}],"video":{"w":720,"h":1280,"duration":27},"e":[],"m":["-{pythoncomplex}"],"r":["[5]split=2[color][alpha];[color]crop=iw\/2:ih:0:0[color];[alpha]crop=iw\/2:ih:iw\/2:0[alpha];[color][alpha]{pythonmerge}[ovrly];[0]scale=720:960,setsar=1[0_scalled];[1]scale=720:960,setsar=1[1_scalled];[2]scale=720:960,setsar=1[2_scalled];[3]scale=720:960,setsar=1[3_scalled];[4]scale=720:960,setsar=1[4_scalled];[0_scalled]scale=iw*6:ih*6,{pythonz}pan=z='if(lte(on, 25*0), 1, if(lte({pythonz},-1.0),1.3, min({pythonz}+0.0007,1.3)))':x='iw\/2-(iw\/{pythonz})\/2':y='ih\/2-(ih\/{pythonz})\/2':d=25*27:s=720x960[video1];[1_scalled]scale=iw*6:ih*6,{pythonz}pan=z='if(lte(on, 25*6.07), 1, if(lte({pythonz},-1.0),1.3, min({pythonz}+0.0007,1.3)))':x='iw\/2-(iw\/{pythonz})\/2':y='ih\/2-(ih\/{pythonz})\/2':d=25*27:s=720x960[video2];[2_scalled]scale=iw*6:ih*6,{pythonz}pan=z='if(lte(on, 25*12.02), 1, if(lte({pythonz},-1.0),1.3, min({pythonz}+0.0007,1.3)))':x='iw\/2-(iw\/{pythonz})\/2':y='ih\/2-(ih\/{pythonz})\/2':d=25*27:s=720x960[video3];[3_scalled]scale=iw*6:ih*6,{pythonz}pan=z='if(lte(on, 25*17.81), 1, if(lte({pythonz},-1.0),1.4, min({pythonz}+0.0007,1.4)))':x='iw\/2-(iw\/{pythonz})\/2':y='ih\/2-(ih\/{pythonz})\/2':d=25*27:s=720x960[video4];[4_scalled]scale=iw*6:ih*6,{pythonz}pan=z='if(lte(on, 25*23.14), 1, if(lte({pythonz},-1.0),1.4, min({pythonz}+0.0007,1.4)))':x='iw\/2-(iw\/{pythonz})\/2':y='ih\/2-(ih\/{pythonz})\/2':d=25*27:s=720x960[video5];[6:v][video1]{pythono}=enable='between(t,0,6.07)':x=0:y=0[v0];[v0][video2]{pythono}=enable='between(t,6.07,12.02)':x=0:y=0[v1];[v1][video3]{pythono}=enable='between(t,12.02,17.81)':x=0:y=0[v2];[v2][video4]{pythono}=enable='between(t,17.81,23.14)':x=0:y=0[v3];[v3][video5]{pythono}=enable='between(t,23.14,27)':x=0:y=0[v4];[v4][ovrly]{pythono}=0:0[base_video];[base_video][7]{pythono}=enable='between(t,0,13)':x=30:y=30[watermarked_part1];[watermarked_part1][7]{pythono}=enable='between(t,13,27)':x=(main_w-{pythono}_w-30):y=(main_h-{pythono}_h-30)"],"i":["[5]split=2[color][alpha];[color]crop=iw\/2:ih:0:0[color];[alpha]crop=iw\/2:ih:iw\/2:0[alpha];[color][alpha]{pythonmerge}[ovrly];[0]scale=720:960,setsar=1[0_scalled];[1]scale=720:960,setsar=1[1_scalled];[2]scale=720:960,setsar=1[2_scalled];[3]scale=720:960,setsar=1[3_scalled];[4]scale=720:960,setsar=1[4_scalled];[0_scalled]scale=iw*6:ih*6,{pythonz}pan=z='if(lte(on, 25*0), 1, if(lte({pythonz},-1.0),1.3, min({pythonz}+0.0007,1.3)))':x='iw\/2-(iw\/{pythonz})\/2':y='ih\/2-(ih\/{pythonz})\/2':d=25*27:s=720x960[video1];[1_scalled]scale=iw*6:ih*6,{pythonz}pan=z='if(lte(on, 25*6.07), 1, if(lte({pythonz},-1.0),1.3, min({pythonz}+0.0007,1.3)))':x='iw\/2-(iw\/{pythonz})\/2':y='ih\/2-(ih\/{pythonz})\/2':d=25*27:s=720x960[video2];[2_scalled]scale=iw*6:ih*6,{pythonz}pan=z='if(lte(on, 25*12.02), 1, if(lte({pythonz},-1.0),1.3, min({pythonz}+0.0007,1.3)))':x='iw\/2-(iw\/{pythonz})\/2':y='ih\/2-(ih\/{pythonz})\/2':d=25*27:s=720x960[video3];[3_scalled]scale=iw*6:ih*6,{pythonz}pan=z='if(lte(on, 25*17.81), 1, if(lte({pythonz},-1.0),1.4, min({pythonz}+0.0007,1.4)))':x='iw\/2-(iw\/{pythonz})\/2':y='ih\/2-(ih\/{pythonz})\/2':d=25*27:s=720x960[video4];[4_scalled]scale=iw*6:ih*6,{pythonz}pan=z='if(lte(on, 25*23.14), 1, if(lte({pythonz},-1.0),1.4, min({pythonz}+0.0007,1.4)))':x='iw\/2-(iw\/{pythonz})\/2':y='ih\/2-(ih\/{pythonz})\/2':d=25*27:s=720x960[video5];[6:v][video1]{pythono}=enable='between(t,0,6.07)':x=0:y=0[v0];[v0][video2]{pythono}=enable='between(t,6.07,12.02)':x=0:y=0[v1];[v1][video3]{pythono}=enable='between(t,12.02,17.81)':x=0:y=0[v2];[v2][video4]{pythono}=enable='between(t,17.81,23.14)':x=0:y=0[v3];[v3][video5]{pythono}=enable='between(t,23.14,27)':x=0:y=0[v4];[v4][ovrly]{pythono}=0:0[base_video];[base_video][7]{pythono}=enable='between(t,0,13)':x=30:y=30[watermarked_part1];[watermarked_part1][7]{pythono}=enable='between(t,13,27)':x=(main_w-{pythono}_w-30):y=(main_h-{pythono}_h-30)[final_video]"],"n":[],"g":[],"c":[],"o":["-map","[final_video]","-map","8:a"],"d":["-t","27","-strict","-2"],"s":[],"layers":[{"ao":0,"bm":1,"ddd":0,"ind":1,"ip":0,"ks":{"a":{"a":0,"ix":1,"k":[270,480,0]},"o":{"a":0,"ix":11,"k":18.039},"p":{"a":0,"ix":2,"k":[270,480,0]},"r":{"a":0,"ix":10,"k":0},"s":{"a":0,"ix":6,"k":[100,100,100]}},"nm":"all","op":327,"refId":"image_0","sr":1,"st":0,"ty":2},{"ao":0,"bm":3,"ddd":0,"ind":2,"ip":76,"ks":{"a":{"a":0,"ix":1,"k":[270,480,0]},"o":{"a":0,"ix":11,"k":40},"p":{"a":0,"ix":2,"k":[270,480,0]},"r":{"a":0,"ix":10,"k":0},"s":{"a":0,"ix":6,"k":[100,100,100]}},"nm":"lvjing  all 3","op":327,"refId":"image_1","sr":1,"st":-8,"ty":2},{"ao":0,"bm":13,"ddd":0,"ind":3,"ip":76,"ks":{"a":{"a":0,"ix":1,"k":[270,480,0]},"o":{"a":0,"ix":11,"k":50.196},"p":{"a":0,"ix":2,"k":[270,480,0]},"r":{"a":0,"ix":10,"k":0},"s":{"a":0,"ix":6,"k":[100,100,100]}},"nm":"baohedu all 3","op":327,"refId":"image_2","sr":1,"st":-8,"ty":2}],"mu":["[5]split=2[color][alpha];[color]crop=iw\/2:ih:0:0[color];[alpha]crop=iw\/2:ih:iw\/2:0[alpha];[color][alpha]{pythonmerge}[ovrly];[0]scale=720:960,setsar=1[0_scalled];[1]scale=720:960,setsar=1[1_scalled];[2]scale=720:960,setsar=1[2_scalled];[3]scale=720:960,setsar=1[3_scalled];[4]scale=720:960,setsar=1[4_scalled];[0_scalled]scale=iw*6:ih*6,{pythonz}pan=z='if(lte(on, 25*0), 1, if(lte({pythonz},-1.0),1.3, min({pythonz}+0.0007,1.3)))':x='iw\/2-(iw\/{pythonz})\/2':y='ih\/2-(ih\/{pythonz})\/2':d=25*27:s=720x960[video1];[1_scalled]scale=iw*6:ih*6,{pythonz}pan=z='if(lte(on, 25*6.07), 1, if(lte({pythonz},-1.0),1.3, min({pythonz}+0.0007,1.3)))':x='iw\/2-(iw\/{pythonz})\/2':y='ih\/2-(ih\/{pythonz})\/2':d=25*27:s=720x960[video2];[2_scalled]scale=iw*6:ih*6,{pythonz}pan=z='if(lte(on, 25*12.02), 1, if(lte({pythonz},-1.0),1.3, min({pythonz}+0.0007,1.3)))':x='iw\/2-(iw\/{pythonz})\/2':y='ih\/2-(ih\/{pythonz})\/2':d=25*27:s=720x960[video3];[3_scalled]scale=iw*6:ih*6,{pythonz}pan=z='if(lte(on, 25*17.81), 1, if(lte({pythonz},-1.0),1.4, min({pythonz}+0.0007,1.4)))':x='iw\/2-(iw\/{pythonz})\/2':y='ih\/2-(ih\/{pythonz})\/2':d=25*27:s=720x960[video4];[4_scalled]scale=iw*6:ih*6,{pythonz}pan=z='if(lte(on, 25*23.14), 1, if(lte({pythonz},-1.0),1.4, min({pythonz}+0.0007,1.4)))':x='iw\/2-(iw\/{pythonz})\/2':y='ih\/2-(ih\/{pythonz})\/2':d=25*27:s=720x960[video5];[6:v][video1]{pythono}=enable='between(t,0,6.07)':x=0:y=0[v0];[v0][video2]{pythono}=enable='between(t,6.07,12.02)':x=0:y=0[v1];[v1][video3]{pythono}=enable='between(t,12.02,17.81)':x=0:y=0[v2];[v2][video4]{pythono}=enable='between(t,17.81,23.14)':x=0:y=0[v3];[v3][video5]{pythono}=enable='between(t,23.14,27)':x=0:y=0[v4];[v4][ovrly]{pythono}=0:0"],"ke":["[5]split=2[color][alpha];[color]crop=iw\/2:ih:0:0[color];[alpha]crop=iw\/2:ih:iw\/2:0[alpha];[color][alpha]{pythonmerge}[ovrly];[0]scale=720:960,setsar=1[0_scalled];[1]scale=720:960,setsar=1[1_scalled];[2]scale=720:960,setsar=1[2_scalled];[3]scale=720:960,setsar=1[3_scalled];[4]scale=720:960,setsar=1[4_scalled];[0_scalled]scale=iw*6:ih*6,{pythonz}pan=z='if(lte(on, 25*0), 1, if(lte({pythonz},-1.0),1.3, min({pythonz}+0.0007,1.3)))':x='iw\/2-(iw\/{pythonz})\/2':y='ih\/2-(ih\/{pythonz})\/2':d=25*27:s=720x960[video1];[1_scalled]scale=iw*6:ih*6,{pythonz}pan=z='if(lte(on, 25*6.07), 1, if(lte({pythonz},-1.0),1.3, min({pythonz}+0.0007,1.3)))':x='iw\/2-(iw\/{pythonz})\/2':y='ih\/2-(ih\/{pythonz})\/2':d=25*27:s=720x960[video2];[2_scalled]scale=iw*6:ih*6,{pythonz}pan=z='if(lte(on, 25*12.02), 1, if(lte({pythonz},-1.0),1.3, min({pythonz}+0.0007,1.3)))':x='iw\/2-(iw\/{pythonz})\/2':y='ih\/2-(ih\/{pythonz})\/2':d=25*27:s=720x960[video3];[3_scalled]scale=iw*6:ih*6,{pythonz}pan=z='if(lte(on, 25*17.81), 1, if(lte({pythonz},-1.0),1.4, min({pythonz}+0.0007,1.4)))':x='iw\/2-(iw\/{pythonz})\/2':y='ih\/2-(ih\/{pythonz})\/2':d=25*27:s=720x960[video4];[4_scalled]scale=iw*6:ih*6,{pythonz}pan=z='if(lte(on, 25*23.14), 1, if(lte({pythonz},-1.0),1.4, min({pythonz}+0.0007,1.4)))':x='iw\/2-(iw\/{pythonz})\/2':y='ih\/2-(ih\/{pythonz})\/2':d=25*27:s=720x960[video5];[6:v][video1]{pythono}=enable='between(t,0,6.07)':x=0:y=0[v0];[v0][video2]{pythono}=enable='between(t,6.07,12.02)':x=0:y=0[v1];[v1][video3]{pythono}=enable='between(t,12.02,17.81)':x=0:y=0[v2];[v2][video4]{pythono}=enable='between(t,17.81,23.14)':x=0:y=0[v3];[v3][video5]{pythono}=enable='between(t,23.14,27)':x=0:y=0[v4];[v4][ovrly]{pythono}=0:0[final_video]"],"sh":["-map","[final_video]","-map","7:a"]}